code,name
2699,Albania (n=160)
3326,Albania pop 2 (n=432)
2900,Albanian Kosovo (n=120)
2604,Algeria (n=97)
2019,Algeria Oran (n=100)
1832,Algeria pop 2 (n=106)
2063,American Samoa (n=51)
1310,Argentina Buenos Aires (n=466)
2097,Argentina Buenos Aires pop 2 (n=1216)
2504,Argentina Chaco Region El Sauzalito Mataco (n=60)
1312,Argentina Chiriguano (n=54)
2706,Argentina Chubut Tehuelche (n=23)
2903,Argentina Corrientes (n=155)
2373,Argentina Cuyo Region (n=420)
1836,Argentina Gran Chaco Eastern Toba (n=135)
1837,Argentina Gran Chaco Mataco Wichi (n=49)
1838,Argentina Gran Chaco Western Toba Pilaga (n=19)
1920,Argentina Kolla (n=61)
1309,Argentina La Plata (n=100)
1859,Argentina Mapuche (n=48)
2705,Argentina Rio Negro Mapuche (n=34)
1311,Argentina Rosario Toba (n=86)
2707,Argentina Salta Wichi (n=24)
1313,Argentina Salta Wichi pop 2 (n=19)
3238,Armenia combined Regions (n=100)
3248,Armenia Ghegharkunik (n=242)
3250,Armenia living in  Iran (n=85)
3251,Armenia living in Karabakh (n=445)
3254,Armenia living in Lebanon (n=368)
3252,Armenia living in USA (n=233)
3249,Armenia Lori (n=102)
3247,Armenia Shirak (n=76)
3253,Armenia Syunik (n=117)
3246,Armenia Yerevan (n=445)
1700,Australia Cape York Peninsula Aborigine (n=103)
1701,Australia Groote Eylandt Aborigine (n=75)
1702,Australia Kimberly Aborigine (n=41)
1704,Australia New South Wales Caucasian (n=134)
2669,Australia South and East Caucasian (n=1210)
1332,Australia West Caucasian (n=891)
1703,Australia Yuendumu Aborigine (n=191)
2450,Austria (n=200)
3554,Austria Cord Bloods (n=1368)
2549,Austria pop 2 (n=490)
2730,Azores (n=1050)
1991,Azores Central Islands (n=59)
1990,Azores Oriental Islands (n=43)
1547,Azores Terceira Island (n=130)
2481,Bangladesh Dhaka Bangalee (n=141)
2647,Belarus Brest Region (n=105)
2648,Belarus Gomel Region (n=100)
2646,Belarus Vitebsk Region (n=70)
1372,Belgium (n=99)
1773,Belgium pop 2 (n=715)
3682,Bolivia La Paz Aymaras (n=87)
3686,Bolivia Quechua (n=69)
3706,Bolivia/Chile Aymara NA-DHS_13 (G) (n=20)
3707,Bolivia/Peru Quechua NA-DHS_12 (G) (n=21)
2117,Borneo Bandjarmasin (n=21)
2758,Bosnia and Herzegovina (n=134)
3096,Bosnia and Herzegovina pop 2 (n=120)
3618,Brazil   Paraná Caucasian (n=641)
3683,Brazil  Puyanawa (n=150)
3731,Brazil Barra Mansa Rio State Black (n=73)
3729,Brazil Barra Mansa Rio State Caucasian (n=405)
3084,Brazil Belem Mixed (n=100)
1234,Brazil Belo Horizonte Caucasian (n=95)
1835,Brazil Central Plateau Xavante (n=74)
3278,Brazil Curitiba-Parana Mixed (n=264)
1788,Brazil East Amazon (n=41)
1329,Brazil Guarani Kaiowa (n=155)
1563,Brazil Guarani M bya (n=93)
1330,Brazil Guarani Nandeva (n=86)
1497,Brazil Kaingang (n=235)
3195,Brazil Mato Grosso do Sul (n=203)
2459,Brazil Minas Gerais State Mixed (n=1000)
2016,Brazil Mixed (n=108)
1370,Brazil North East Mixed (n=205)
3772,Brazil Para State (n=5000)
1929,Brazil Parana Afro Brazilian (n=77)
1927,Brazil Parana Cafuzo (n=319)
1926,Brazil Parana Caucasian (n=2775)
3421,Brazil Parana Japanese (n=192)
1928,Brazil Parana Mixed race (n=186)
1930,Brazil Parana Oriental (n=33)
1789,Brazil Pernambuco Mixed (n=101)
3020,Brazil Piaui Mixed (n=21943)
3161,Brazil REDOME Acre (n=859)
3162,Brazil REDOME Alagoas (n=25349)
3164,Brazil REDOME Amapa (n=17864)
3163,Brazil REDOME Amazonas (n=24129)
3165,Brazil REDOME Bahia (n=47399)
3166,Brazil REDOME Ceara (n=101217)
3169,Brazil REDOME Espirito Santo (n=88485)
3167,Brazil REDOME Federal District (n=29549)
3170,Brazil REDOME Goias (n=88574)
3175,Brazil REDOME Maranhao (n=10180)
3176,Brazil REDOME Mato Grosso (n=34649)
3177,Brazil REDOME Mato Grosso do Sul (n=95667)
3178,Brazil REDOME Minas Gerais (n=211275)
3179,Brazil REDOME Para (n=72637)
3180,Brazil REDOME Paraiba (n=43868)
3181,Brazil REDOME Parana (n=341639)
3182,Brazil REDOME Pernambuco (n=92332)
3183,Brazil REDOME Piaui (n=46140)
3184,Brazil REDOME Rio de Janeiro (n=139322)
3192,Brazil REDOME Rio Grande do Norte (n=46603)
3185,Brazil REDOME Rio Grande do Sul (n=241329)
3187,Brazil REDOME Rondonia (n=54396)
3186,Brazil REDOME Roraima (n=4140)
3188,Brazil REDOME Santa Catarina (n=106673)
3189,Brazil REDOME Sao Paulo (n=800809)
3190,Brazil REDOME Sergipe (n=7321)
3191,Brazil REDOME Tocantins (n=20692)
3727,Brazil Rio de Janeiro Black (n=68)
3730,Brazil Rio de Janeiro Caucasian (n=521)
3728,Brazil Rio de Janeiro Parda (n=170)
2862,Brazil Rio Grande do Norte Mestizo (n=12973)
3196,Brazil Rio Grande do Sul Black (n=248)
3197,Brazil Rio Grande do Sul Caucasoid (n=4428)
3198,Brazil Rio Grande do Sul Mixed (n=324)
3229,Brazil Sao Paulo Bauru Mixed (n=3542)
1365,Brazil Sao Paulo Mixed (n=239)
3224,Brazil South Caucasian (n=73)
3599,Brazil South East Cord Blood (n=11409)
2833,Brazil South Ribeirao Preto (n=184)
2212,Brazil Southeast Campinas Mixed (n=99)
1573,Brazil Southeast Caucasian (n=103)
1577,Brazil Southeast Mixed Race (n=42)
1698,Brazil Terena (n=60)
2054,Brazil Ticuna (n=50)
3327,Brazil Vale do Ribeira Quilombos (n=144)
1314,Bulgaria (n=55)
2015,Bulgaria Romani (n=13)
2149,Burkina Faso Fulani (n=49)
2150,Burkina Faso Mossi (n=53)
2151,Burkina Faso Rimaibe (n=47)
1905,Cameroon (n=126)
1995,Cameroon Baka Pygmy (n=10)
2155,Cameroon Bakola Pygmy (n=50)
1992,Cameroon Bamileke (n=77)
2852,Cameroon Bamileke 2 (n=35)
1993,Cameroon Beti (n=174)
2851,Cameroon Ewondo (n=38)
2854,Cameroon Podokwo (n=43)
1268,Cameroon Saa (n=172)
1994,Cameroon Sawa (n=13)
2853,Cameroon Uldeme (n=35)
2120,Cameroon Yaounde (n=92)
1287,Canada British Columbia Athabaskan (n=62)
1288,Canada British Columbia Penutian (n=26)
3715,Canada Chipewyan NA-DHS_2 (G) (n=25)
3714,Canada Cree NA-DHS_3 (G) (n=18)
3713,Canada Ojibwa NA-DHS_4 (G) (n=16)
1981,Cape Verde Northwestern Islands (n=62)
1982,Cape Verde Southeastern Islands (n=62)
1591,Central African Republic Aka Pygmy (n=93)
2156,Central African Republic Mbenzele Pygmy (n=36)
2638,Chile Easter Island (n=21)
1921,Chile Huilliche (n=40)
3695,Chile Huilliche NA-DHS_14 (G) (n=20)
3614,Chile Mapuche (n=66)
3354,Chile Santiago (n=920)
2183,Chile Santiago Mixed (n=70)
2496,Chile Santiago pop 2 (n=124)
1693,China Beijing (n=67)
1873,China Beijing and Guangzhou (n=1592)
1691,China Beijing and Xian (n=171)
3168,China Beijing Han (n=180)
2762,China Beijing pop 2 (n=826)
2002,China Beijing Shijiazhuang Tianjian Han (n=618)
2377,China Canton Han (n=264)
2410,China Guangdong Province (n=403)
2236,China Guangdong Province Meizhou Han (n=100)
2214,China Guangxi Region Maonan (n=108)
1694,China Guangzhou (n=102)
1665,China Guangzhou Han (n=106)
2499,China Guangzhou Han pop 2 (n=86)
2407,China Guizhou Province Bouyei (n=109)
2003,China Guizhou Province Miao (n=85)
2406,China Guizhou Province Miao pop 2 (n=85)
2408,China Guizhou Province Shui (n=153)
2007,China Han (n=314)
3194,China Han Guandong Province (n=208)
2868,China Han HIV negative (n=72)
1919,China Harbin Korean (n=201)
1918,China Harbin Manchu (n=172)
1825,China Harbin Manchu pop 2 (n=50)
2870,China Henan HIV negative (n=16)
1690,China Hong Kong and Singapore (n=135)
3725,China Hubei Han (n=3732)
3569,China Inner Mongolia Autonomous Region Northeast (n=496)
2256,China Inner Mongolia Region (n=102)
2383,China Inner Mongolia Region Ewenki (n=94)
3245,China Jiangsu Han (n=3238)
2381,China Jiangsu Province (n=20248)
3160,China Jiangsu Province Han (n=334)
2239,China Jiangxi Province (n=98)
3684,China Jingpo Minority (n=105)
1371,China Lijiang Naxi (n=100)
3556,China Marrow Donor Registry (n=600)
1961,China North Han (n=105)
2769,China North Han pop 2 (n=567)
3239,China pop1 (n=103)
1436,China Pumi (n=51)
2257,China Qinghai Province Hui (n=110)
2770,China Shaanxi Province Han (n=10000)
2668,China Shandong Province (n=7418)
1925,China Shandong Province Han (n=98)
1820,China Shandong Province Linqu County (n=139)
2234,China Shanghai (n=26266)
2532,China Shanghai pop 2 (n=40)
2785,China Shanghai pop 3 (n=58)
2872,China Shanxi HIV negative (n=22)
2874,China Sichuan HIV negative (n=34)
2060,China South Han (n=284)
2768,China South Han pop 2 (n=1098)
2695,China Southwest Dai (n=124)
2162,China Tibet Region Tibetan (n=158)
1906,China Urumqi Han (n=59)
1907,China Urumqi Kazak (n=42)
1908,China Urumqi Uyghur (n=57)
2865,China Uyghur HIV negative (n=19)
2497,China Wanwei, Wutou and Shanxin Islands Jing (n=138)
1389,China Wuhan (n=121)
1692,China Xinjiang Province Uyghur (n=92)
1435,China Yichun (n=76)
3226,China Yunnan Bulang (n=116)
3227,China Yunnan Hani (n=150)
2484,China Yunnan Province Bai (n=128)
2402,China Yunnan Province Blang (n=94)
2087,China Yunnan Province Dai (n=74)
2345,China Yunnan Province Drung (n=70)
2636,China Yunnan Province Han (n=101)
1996,China Yunnan Province Han pop 2 (n=129)
1973,China Yunnan Province Hani (n=47)
2416,China Yunnan Province Jinuo (n=109)
2344,China Yunnan Province Lahu (n=70)
2224,China Yunnan Province Lisu (n=111)
2400,China Yunnan Province Naxi (n=118)
2401,China Yunnan Province Naxi pop 2 (n=96)
2225,China Yunnan Province Nu (n=107)
2490,China Yunnan Province Nu pop 2 (n=72)
2343,China Yunnan Province Pumi (n=63)
2403,China Yunnan Province Puyi (n=76)
2417,China Yunnan Province Wa (n=119)
2004,China Yunnan Province Yao (n=66)
3749,China Zhejiang Han (n=1734)
3748,China Zhejiang Han pop 2 (n=833)
3735,China, Xinjiang Uyghur Autonomous Region Han (n=70)
3732,China, Xinjiang Uyghur Autonomous Region Hui (n=40)
3733,China, Xinjiang Uyghur Autonomous Region Kazakh (n=52)
3734,China, Xinjiang Uyghur Autonomous Region Uyghur (n=71)
1848,Colombia Amazon Region Coreguaje (n=30)
2525,Colombia Amazon Region Coreguaje pop 2 (n=45)
2524,Colombia Amazon Region Vaupes (n=46)
2346,Colombia Antioquia Paisa (n=100)
3705,Colombia Arhuaco NA-DHS_16 (G) (n=17)
3412,Colombia Barranquilla (n=188)
1651,Colombia Bogota and Medellin Mestizo (n=65)
3604,Colombia Bogotá Cord Blood (n=1463)
1854,Colombia East Amazon Region Nukak (n=20)
3702,Colombia Embera NA-DHS_19 (G) (n=14)
2530,Colombia Guajira Desert Wayuu (n=54)
1830,Colombia Guajira Peninsula Wayuu (n=88)
3696,Colombia Inga NA-DHS_11 (G) (n=16)
3364,Colombia Jaidukama (n=39)
3704,Colombia Kogi NA-DHS_17 (G) (n=15)
3426,Colombia North Chimila Amerindians (n=47)
1855,Colombia North Eastern Plains Sikuani (n=27)
3433,Colombia North Wiwa El Encanto (n=52)
1850,Colombia Northwest Choco (n=20)
1856,Colombia Northwest Tule (n=29)
2526,Colombia Pacific Coast Region Embera (n=49)
1847,Colombia Providencia Island African (n=30)
3453,Colombia San Basilio de Palenque (n=42)
1828,Colombia Sierra Nevada de Santa Marta Arhuaco (n=107)
1831,Colombia Sierra Nevada de Santa Marta Arsario (n=18)
2528,Colombia Sierra Nevada de Santa Marta Arsario pop 2 (n=50)
2529,Colombia Sierra Nevada de Santa Marta Ijka (n=40)
1852,Colombia Sierra Nevada de Santa Marta Ijka pop 2 (n=30)
1829,Colombia Sierra Nevada de Santa Marta Kogi (n=42)
2527,Colombia Sierra Nevada de Santa Marta Kogi pop 2 (n=50)
1853,Colombia Sierra Nevada de Santa Marta Kogi pop 3 (n=31)
3701,Colombia Waunana NA-DHS_20 (G) (n=20)
3567,Colombia Wayu from Guajira Peninsula (n=48)
3693,Colombia Wayuu NA-DHS_15 (G) (n=15)
1849,Colombia West Cauca (n=20)
1851,Colombia West Embera (n=20)
1857,Colombia West Waunana (n=30)
3703,Colombia Zenu NA-DHS_18 (G) (n=16)
3700,Colombia/Brazil Ticuna Arara NA-DHS_21 (G) (n=17)
3699,Colombia/Brazil Ticuna Tarapaca NA-DHS_22 (G) (n=19)
1592,Congo Kinshasa Bantu (n=90)
1373,Congo Kinshasa expatriates living in Belgium (n=75)
2142,Cook Islands (n=50)
1705,Cook Islands Rarotonga (n=78)
3607,Costa Rica African -Caribbean (G) (n=102)
3608,Costa Rica Amerindians (G) (n=125)
2037,Costa Rica and Panama Mestizo (n=56)
3709,Costa Rica Cabecar NA-DHS_9 (G) (n=19)
3606,Costa Rica Central Valley Mestizo  (G) (n=221)
3609,Costa Rica Guanacaste Mestizo (G) (n=110)
3708,Costa Rica Guaymi NA-DHS_10 (G) (n=18)
1331,Croatia (n=150)
2732,Croatia Gorski Kotar Region (n=63)
2548,Croatia Krk Island (n=212)
2786,Croatia Krk Island Dobrinj (n=28)
2787,Croatia Krk Island Dubasnica (n=23)
2788,Croatia Krk Island Vrbnik (n=28)
2199,Croatia pop 2 (n=100)
3133,Croatia pop 3 (n=120)
3260,Croatia pop 4 (n=4000)
1236,Cuba Caucasian (n=70)
2241,Cuba Mixed (n=78)
2258,Cuba Mixed pop 2 (n=189)
1235,Cuba Mixed Race (n=42)
1397,Czech Republic (n=106)
2754,Czech Republic Kurd (n=74)
3258,Czech Republic NMDR (n=5099)
2515,Czech Republic pop 2 (n=99)
3321,Czech Republic pop 3 (n=180)
2516,Czech Republic Romani (n=34)
2753,Czech Republic Romani  pop 2 (n=46)
1922,Denmark (n=55)
1270,Ecuador African (n=58)
3244,Ecuador African pop2 (n=45)
3401,Ecuador Amazonia Mixed Ancestry (n=39)
3418,Ecuador Amerindians (n=63)
3410,Ecuador Andes Mixed Ancestry (n=824)
1846,Ecuador Cayapa (n=183)
3241,Ecuador Cayapa pop 2 (n=34)
3400,Ecuador Coast Mixed Ancestry (n=238)
3411,Ecuador Mixed Ancestry (n=1173)
2204,England (n=537)
2129,England Bedfordshire (n=354)
3392,England Blood Donors of Mixed Ethnicity (n=519)
2197,England Lancaster (n=545)
2194,England Leeds (n=5024)
2193,England Liverpool (n=1343)
2172,England London Ashkenazi Jews (n=500)
2196,England Manchester (n=1640)
2195,England Newcastle (n=2739)
2837,England North West (n=298)
3110,England North West Mixed pop 2 (n=379)
2823,England Northwest Mixed (n=2960)
2245,England pop 2 (n=114)
2513,England pop 3 (n=61)
2783,England pop 5 (n=42)
1939,England pop 6 (n=177)
2192,England Sheffield (n=4755)
2146,Equatorial Guinea Bioko Island Bubi (n=100)
1320,Ethiopia Amhara (n=98)
1321,Ethiopia Oromo (n=83)
1711,Fiji Viti Levu Island (n=57)
2028,Finland (n=91)
3193,Finland pop2 (n=150)
3086,France Bordeaux (n=990)
1279,France Ceph (n=124)
2175,France Corsica Island (n=100)
3552,France French Bone Marrow Donor Registry (n=42623)
3087,France Grenoble (n=1000)
2429,France Grenoble, Nantes and Rennes (n=6094)
2782,France Lille (n=95)
3082,France Lyon (n=4813)
3085,France Marseille (n=1000)
2446,France Reims (n=102)
2268,France Rennes (n=200)
2517,France Rennes pop 2 (n=148)
2537,France Rennes pop 3 (n=200)
3088,France Rennes pop 4 (n=1000)
1804,France South (n=350)
1517,France Southeast (n=130)
1570,France West (n=100)
2508,France West Breton (n=150)
1758,Gabon Haut-Ogooue Dienga (n=167)
2523,Gabon Lambarene (n=120)
1269,Gambia (n=146)
2533,Gambia pop 2 (n=100)
3781,Gambia pop 3 (n=939)
3664,Gaza (n=42)
3362,Gaza  Palestinians (n=165)
3775,Georgia Caucasus Tbilisi (n=119)
3361,Georgia Kurds (n=30)
1888,Georgia Svaneti Region Svan (n=80)
2026,Georgia Tibilisi (n=109)
2027,Georgia Tibilisi Kurd (n=31)
2253,Germany (n=11407)
3021,Germany DKMS - Austria minority (n=1698)
3022,Germany DKMS - Bosnia and Herzegovina minority (n=1028)
3023,Germany DKMS - China minority (n=1282)
3028,Germany DKMS - Croatia minority (n=2057)
3025,Germany DKMS - France minority (n=1406)
3767,Germany DKMS - German donors (n=3456066)
3027,Germany DKMS - Greece minority (n=1894)
3029,Germany DKMS - Italy minority (n=1159)
3030,Germany DKMS - Netherlands minority (n=1374)
3031,Germany DKMS - Portugal minority (n=1176)
3032,Germany DKMS - Romania minority (n=1234)
3024,Germany DKMS - Spain minority (n=1107)
3033,Germany DKMS - Turkey minority (n=4856)
3026,Germany DKMS - United Kingdom minority (n=1043)
1387,Germany Essen (n=174)
2493,Germany pop 2 (n=206)
2538,Germany pop 3 (n=111)
2752,Germany pop 6 (n=8862)
3089,Germany pop 8 (n=39689)
3172,Ghana Accre Asutuare Akan (n=429)
3108,Ghana Ga-Adangbe (n=131)
1759,Greece (n=48)
1614,Greece Crete (n=135)
1565,Greece North (n=500)
2492,Greece pop 4 (n=98)
2618,Greece pop 5 (n=500)
3076,Greece pop 6 (n=242)
3090,Greece pop 7 (n=11250)
3137,Greece pop 8 (n=83)
1654,Greece pop2 (n=120)
1893,Greece pop3 (n=246)
3710,Guatemala Kaqchikel NA-DHS_8 (G) (n=19)
1621,Guatemala Mayan (n=132)
3743,Guatemala, Guatemala City Mixed Ancestry (n=127)
1983,Guinea Bissau (n=65)
2486,Guinea Bissau Balanta (n=48)
2487,Guinea Bissau Bijago (n=23)
2488,Guinea Bissau Fula (n=31)
2489,Guinea Bissau Papel (n=25)
1301,Hong Kong Chinese (n=569)
3357,Hong Kong Chinese BMDR (n=7595)
3358,Hong Kong Chinese cord blood registry (n=3892)
3724,Hong Kong Chinese HKBMDR HLA 11 loci (n=5266)
3667,Hong Kong Chinese HKBMDR. DQ and DP (n=1064)
2440,India Andhra Pradesh Brahmin (n=98)
2040,India Andhra Pradesh Golla (n=111)
2441,India Andhra Pradesh Sunni (n=100)
3434,India Andhra Pradesh Telugu Speaking (n=186)
3550,India Bikaner Non-Raikas (n=127)
3549,India Bikaner Raikas (n=143)
1278,India Bombay (n=59)
1776,India Delhi (n=112)
2255,India Delhi pop 2 (n=90)
1998,India Jalpaiguri Toto (n=40)
3622,India Karnataka Kannada Speaking (n=174)
2186,India Kerala Adiya (n=21)
2180,India Kerala Hindu Ezhava (n=24)
2178,India Kerala Hindu Nair (n=41)
2182,India Kerala Hindu Namboothiri (n=40)
2177,India Kerala Hindu Pulaya (n=16)
2188,India Kerala Kanikkar (n=22)
2189,India Kerala Kattunaikka (n=17)
2187,India Kerala Kurichiya (n=10)
2190,India Kerala Kuruma (n=15)
2181,India Kerala Malabar Muslim (n=34)
2185,India Kerala Malapandaram (n=10)
3620,India Kerala Malayalam speaking (n=356)
2184,India Kerala Paniya (n=10)
2179,India Kerala Syrian Christian (n=31)
1297,India Khandesh Region Pawra (n=50)
1388,India Lucknow (n=123)
1298,India Mumbai Maratha (n=91)
2045,India New Delhi (n=71)
2623,India New Delhi pop 2 (n=102)
2500,India North (n=85)
3035,India North Gujarat (n=338)
1524,India North pop 2 (n=72)
2838,India North pop 3 (n=587)
2469,India Northeast Kayastha (n=190)
2475,India Northeast Lachung (n=58)
2470,India Northeast Mathur (n=155)
2476,India Northeast Mech (n=63)
2477,India Northeast Rajbanshi (n=98)
2471,India Northeast Rastogi (n=196)
2473,India Northeast Shia (n=190)
2474,India Northeast Sunni (n=188)
2472,India Northeast Vaish (n=198)
3720,India sub-Himalayan West Bengal Kami (n=158)
3432,India Tamil Nadu (n=2492)
2632,India Tamil Nadu Chennai (n=137)
2321,India Tamil Nadu Dravidian (n=156)
1500,India Tamil Nadu Nadar (n=61)
2263,India Uttar Pradesh (n=202)
1296,India West Bhil (n=50)
1247,India West Coast Parsi (n=50)
1938,Indonesia Java (n=58)
2571,Indonesia Java pop 2 (n=36)
2771,Indonesia Java Western (n=236)
1710,Indonesia Java Yogyakarta Region (n=62)
1942,Indonesia Moluccan Islands (n=24)
1941,Indonesia Nusa Tenggara Islands (n=49)
1943,Indonesia Singaporean (n=50)
2572,Indonesia Sundanese and Javanese (n=201)
2448,Iran (n=58)
2384,Iran Azeri (n=100)
1801,Iran Baloch (n=100)
1889,Iran Fars Parsi (n=73)
3662,Iran Gorgan (n=64)
2385,Iran Kurd (n=100)
3360,Iran Kurd pop 2 (n=60)
3232,Iran pop 1 (n=64)
3233,Iran pop 2 (n=120)
3234,Iran pop 3 (n=100)
3661,Iran pop 4 (n=855)
2813,Iran Royan Cord Blood Bank (n=15600)
3774,Iran Saqqez-Baneh Kurds (n=60)
3771,Iran Tabriz Azeris (n=97)
1305,Iran Tehran (n=120)
1890,Iran Yazd Zoroastrian (n=65)
3680,Iraq Arabs (n=149)
3431,Iraq Erbil (n=372)
3143,Iraq Kurdistan Region (n=209)
2260,Ireland Donegal (n=200)
1243,Ireland Northern (n=1000)
2237,Ireland Northern pop 2 (n=122)
2505,Ireland Northern pop 3 (n=150)
2275,Ireland South (n=250)
3093,Ireland South pop 2 (n=17624)
2261,Ireland Wexford (n=200)
2128,Israel Arab (n=109)
2029,Israel Arab Druze (n=101)
3390,Israel Arab pop 2 (n=12301)
3389,Israel Argentina Jews (n=4307)
2030,Israel Ashkenazi and Non Ashkenazi Jews (n=146)
1615,Israel Ashkenazi Jews (n=80)
1824,Israel Ashkenazi Jews pop 2 (n=132)
3388,Israel Ashkenazi Jews pop 3 (n=4625)
3387,Israel Bukhara Jews (n=2317)
3386,Israel Druze (n=5914)
3385,Israel Ethiopia Jews (n=5928)
2126,Israel Ethiopian Jews (n=122)
3384,Israel Georgia Jews (n=4471)
3383,Israel Iran Jews (n=8153)
2125,Israel Iranian Jews (n=101)
3382,Israel Iraq Jews (n=13270)
1970,Israel Jews pop 2 (n=23000)
3381,Israel Kavkazi Jews (n=2840)
3380,Israel Libya Jews (n=3739)
2124,Israel Libyan Jews (n=119)
1823,Israel Moroccan Jews (n=113)
3379,Israel Morocco Jews (n=36718)
1616,Israel Non Ashkenazi Jews (n=80)
3378,Israel Poland Jews (n=13871)
3377,Israel Tunisia Jews (n=9070)
3376,Israel USA Jews (n=6058)
3375,Israel USSR Jews (n=45681)
2127,Israel Yemenite Jews (n=76)
3374,Israel YemenJews (n=15542)
1245,Italy (n=159311)
1355,Italy Bergamo (n=101)
1451,Italy Central (n=380)
3371,Italy East Sicily (n=50)
3398,Italy Lombardy (n=674)
2393,Italy North (n=277)
1865,Italy North Pavia (n=81)
2687,Italy North Pavia pop 2 (n=2416)
3142,Italy North Pavia pop 3 (n=685)
1363,Italy North pop 2 (n=2054)
1354,Italy North pop 3 (n=97)
2267,Italy pop 2 (n=53)
2535,Italy pop 3 (n=179)
2734,Italy pop 4 (n=4575)
3041,Italy pop 5 (n=975)
3097,Italy pop 6 (n=184)
1346,Italy Rome (n=100)
1396,Italy Sardinia (n=86)
3115,Italy Sardinia pop 4 (n=49)
2102,Italy Sardinia pop2 (n=1129)
2176,Italy Sardinia pop3 (n=100)
2394,Italy South (n=141)
1924,Italy South Campania Region (n=1089)
2784,Italy Turin (n=87)
2114,Ivory Coast Adiopodoume Akan (n=44)
1257,Jamaica (n=132)
1826,Japan (n=50)
1340,Japan Aichi (n=50)
1874,Japan Central (n=371)
1276,Japan Fukuoka (n=86)
1839,Japan Hokkaido Ainu (n=50)
1871,Japan Hokkaido Wajin (n=71)
1347,Japan Hyogo (n=32)
1912,Japan Hyogo Osaka and Nagano (n=195)
2498,Japan Kyoto and Osaka (n=165)
1872,Japan Nagano (n=57)
2032,Japan Okinawa Ryukyuan (n=143)
3231,Japan pop 1 (n=560)
2427,Japan pop 10 (n=332)
2494,Japan pop 11 (n=62)
3136,Japan pop 16 (n=18604)
3279,Japan pop 17 (n=3078)
1910,Japan pop 2 (n=916)
1979,Japan pop 3 (n=1018)
1980,Japan pop 4 (n=525)
1985,Japan pop 5 (n=117)
2067,Japan pop 6 (n=129)
2357,Japan pop 7 (n=317)
2358,Japan pop 8 (n=308)
2409,Japan pop 9 (n=132)
2575,Japan South (n=125)
2637,Japan Tohoku Region (n=322)
2861,Jordan (n=15141)
2122,Jordan Amman (n=146)
2018,Kenya (n=144)
1485,Kenya Luo (n=265)
1484,Kenya Nandi (n=240)
3393,Kenya, Nyanza Province, Luo tribe (n=100)
1709,Kiribati (n=62)
3740,Kosovo (n=124)
1931,Lebanon Kafar Zubian (n=94)
2167,Lebanon Mixed (n=97)
1932,Lebanon Niha el Shouff (n=61)
2468,Lebanon pop 2 (n=191)
1933,Lebanon Yuhmur (n=82)
2522,Liberia Bong County (n=110)
3157,Libya Cyrenaica (n=118)
3442,Macedonia (n=286)
3612,Macedonia MBMDR - Albanian (n=128)
3613,Macedonia MBMDR - Macedonian (n=1283)
3611,Macedonia MBMDR - Macedonian Muslims (n=76)
1495,Macedonia pop 1 (n=158)
1353,Macedonia pop 2 (n=80)
1603,Macedonia pop 3 (n=172)
1735,Macedonia pop 4 (n=216)
2509,Macedonia pop 5 (n=103)
1289,Madeira (n=185)
2635,Madeira pop 2 (n=173)
2731,Madeira pop 3 (n=538)
1940,Malaysia (n=74)
3424,Malaysia Champa (n=29)
2737,Malaysia Jelebu Temuan (n=25)
2735,Malaysia Kedah Baling Kensiu (n=25)
3350,Malaysia Kedah Kensiu (n=21)
3438,Malaysia Kelantan (n=28)
3439,Malaysia Mandailing (n=27)
2682,Malaysia Negeri Sembilan Minangkabau (n=34)
3351,Malaysia Pahang Semai (n=38)
3437,Malaysia Patani (n=25)
3652,Malaysia Peninsular Chinese (n=194)
3674,Malaysia Peninsular Indian (n=271)
3323,Malaysia Peninsular Malay (n=951)
2680,Malaysia Perak and Johor Banjar Bugis Jawa (n=94)
2736,Malaysia Perak Grik Jehai (n=25)
2685,Malaysia Perak Rawa (n=23)
2359,Malaysia pop 2 (n=62)
2380,Malaysia pop 3 (n=1445)
3171,Malaysia Sabah Dusun (n=48)
2742,Malaysia Sabah Kadazan (n=57)
2738,Malaysia Sarawak Bau Bidayuh (n=25)
2741,Malaysia Sarawak Bidayuh (n=50)
2740,Malaysia Sarawak Iban (n=51)
1486,Mali Bandiagara (n=138)
2510,Martinique (n=100)
3493,Mexico Aguascalientes state (n=95)
3527,Mexico Baja Californa, Mexicali (n=100)
3571,Mexico Baja California Rural (n=50)
3526,Mexico Baja California, La Paz (n=75)
3615,Mexico Baja California, Tijuana (n=25)
3596,Mexico Campeche Rural (n=47)
3458,Mexico Campeche, Campeche city (n=34)
3666,Mexico Chiapas Lacandon Mayans (n=218)
3595,Mexico Chiapas Rural (n=121)
3460,Mexico Chiapas, Tuxtla Gutierrez (n=52)
3519,Mexico Chihuahua Chihuahua City (n=119)
3654,Mexico Chihuahua Chihuahua City Pop 2 (n=88)
3574,Mexico Chihuahua Rural (n=236)
2165,Mexico Chihuahua Tarahumara (n=44)
3518,Mexico Chihuahua, Ciudad Juarez (n=106)
3576,Mexico Coahuila Rural (n=216)
3514,Mexico Coahuila, Saltillo (n=72)
3513,Mexico Coahuila, Torreon (n=396)
3582,Mexico Colima Rural (n=43)
3496,Mexico Colima, Colima city (n=61)
3575,Mexico Durango Rural (n=326)
3516,Mexico Durango, Durango city (n=153)
1752,Mexico Guadalajara Mestizo (n=54)
1971,Mexico Guadalajara Mestizo pop 2 (n=103)
1951,Mexico Guanajuato and Jalisco Mestizo (n=101)
3581,Mexico Guanajuato Rural (n=162)
3498,Mexico Guanajuato, Guanajuato city (n=22)
3497,Mexico Guanajuato, Leon (n=78)
3468,Mexico Guerrero state (n=144)
3663,Mexico Hidalgo Mezquital Valley/ Otomi (n=72)
3588,Mexico Hidalgo Rural (n=81)
3478,Mexico Hidalgo, Pachuca (n=41)
1952,Mexico Highlands Mestizos (n=160)
1609,Mexico Huasteca Region Teenek (n=55)
3579,Mexico Jalisco Rural (n=585)
3506,Mexico Jalisco, Guadalajara city (n=1189)
3505,Mexico Jalisco, Tlajomulco (n=30)
3504,Mexico Jalisco, Tlaquepaque (n=39)
3503,Mexico Jalisco, Tonala (n=35)
3502,Mexico Jalisco, Zapopan (n=168)
3770,Mexico Jaltepec Mazahuas (n=50)
2043,Mexico Mayan (n=16)
2033,Mexico Mayan pop 2 (n=163)
1610,Mexico Mayan Pop 3 (n=66)
3363,Mexico Mazahua (n=65)
1600,Mexico Mazatecan (n=89)
1237,Mexico Mestizo (n=41)
3255,Mexico mestizo pop 3 (n=201)
3042,Mexico Mestizo pop 4 (n=269)
3476,Mexico Mexico City Center (n=152)
3475,Mexico Mexico City East (n=79)
2827,Mexico Mexico City Mestizo (n=121)
3081,Mexico Mexico City Mestizo pop 2 (n=234)
3559,Mexico Mexico City Mestizo pop 3 (n=256)
3745,Mexico Mexico City Mestizo population (n=143)
3589,Mexico Mexico City Metropolitan Area Rural (n=150)
3474,Mexico Mexico City North (n=751)
3473,Mexico Mexico City South (n=52)
3655,Mexico Mexico City Tlalpan (n=330)
3454,Mexico Mexico City West (n=33)
3580,Mexico Michoacan Rural (n=348)
2147,Mexico Michoacan Tarasco (n=130)
3500,Mexico Michoacan, Morelia (n=150)
3711,Mexico Mixe NA-DHS_6 (G) (n=20)
3297,Mexico Mixtec (n=97)
3712,Mexico Mixtec NA-DHS_5 (G) (n=20)
3593,Mexico Morelos Rural (n=30)
3464,Mexico Morelos, Cuernavaca (n=82)
1608,Mexico Nahuas (n=72)
3578,Mexico Nayarit  Rural (n=64)
3508,Mexico Nayarit, Tepic (n=97)
1953,Mexico Nuevo Leon Mestizo (n=40)
3583,Mexico Nuevo Leon Rural (n=439)
3494,Mexico Nuevo Leon, Monterrey city (n=226)
3687,Mexico Oaxaca Jamiltepec Mixtec (n=96)
1272,Mexico Oaxaca Mixe (n=55)
1273,Mexico Oaxaca Mixtec (n=103)
3592,Mexico Oaxaca Rural (n=485)
1274,Mexico Oaxaca Zapotec (n=90)
3466,Mexico Oaxaca, Oaxaca city (n=151)
2828,Mexico Puebla Mestizo (n=99)
3591,Mexico Puebla Rural (n=833)
3469,Mexico Puebla, Puebla city (n=1994)
3584,Mexico Queretaro Rural (n=43)
3491,Mexico Queretaro, Queretaro city (n=45)
3598,Mexico Quintana Roo Rural (n=50)
3450,Mexico Quintana Roo, Cancun (n=48)
3586,Mexico San Luis Potosi Rural (n=87)
3487,Mexico San Luis Potosi, San Luis Potosi city (n=30)
3679,Mexico San Vicente Tancuayalab Teenek/Huastecos (n=53)
3678,Mexico Sinaloa Capomos Mayo Yoremes (n=60)
2829,Mexico Sinaloa Mestizo (n=56)
3573,Mexico Sinaloa Rural (n=183)
3521,Mexico Sinaloa, Culiacán (n=103)
3572,Mexico Sonora Rural (n=197)
2035,Mexico Sonora Seri (n=34)
3524,Mexico Sonora, Ciudad Obregón (n=143)
3523,Mexico Sonora, Hermosillo (n=99)
3594,Mexico Tabasco Rural (n=142)
3462,Mexico Tabasco, Villahermosa (n=82)
3585,Mexico Tamaulipas Rural (n=125)
3489,Mexico Tamaulipas, Ciudad Victoria (n=23)
3762,Mexico Tapachula, Chiapas Mestizo Population (n=72)
3590,Mexico Tlaxcala Rural (n=830)
3471,Mexico Tlaxcala, Tlaxcala city (n=181)
3587,Mexico Veracruz Rural (n=539)
3653,Mexico Veracruz Xalapa (n=84)
3485,Mexico Veracruz, Coatzacoalcos (n=55)
3483,Mexico Veracruz, Cordoba (n=56)
3484,Mexico Veracruz, Orizaba (n=60)
3482,Mexico Veracruz, Poza Rica (n=45)
3481,Mexico Veracruz, Veracruz city (n=171)
3480,Mexico Veracruz, Xalapa (n=187)
3597,Mexico Yucatan Rural (n=132)
3456,Mexico Yucatan, Merida (n=192)
3577,Mexico Zacatecas Rural (n=266)
3510,Mexico Zacatecas, Fresnillo (n=103)
3511,Mexico Zacatecas, Zacatecas city (n=84)
3697,Mexico Zapotec NA-DHS_7 (G) (n=20)
2031,Mongolia Buryat (n=141)
1916,Mongolia Hoton (n=85)
1426,Mongolia Khalkha (n=200)
1917,Mongolia Khalkha pop 2 (n=202)
1427,Mongolia Oold (n=104)
1833,Mongolia Tarialan Khoton (n=85)
1428,Mongolia Tsaatan (n=144)
1834,Mongolia Ulaanbaatar Khalkha (n=41)
1612,Morocco (n=96)
3235,Morocco Atlantic Coast Chaouya (n=98)
2264,Morocco Casablanca (n=100)
1449,Morocco Nador Metalsa (n=99)
1492,Morocco Nador Metalsa pop 2 (n=73)
2849,Morocco pop 2 (n=110)
1450,Morocco Settat Chaouya (n=98)
1821,Morocco Souss Region (n=98)
3155,Mozambique (n=202)
3668,Myanmar Bamar (n=46)
3403,Myanmar Chin (n=55)
3404,Myanmar Kachin (n=63)
3405,Myanmar Kayah (n=55)
3406,Myanmar Kayin (n=44)
3407,Myanmar Mon (n=64)
3408,Myanmar Rakhine (n=48)
3409,Myanmar Shan (n=54)
1708,Nauru (n=67)
1568,Netherlands (n=447)
3257,Netherlands Leiden (n=1305)
2200,Netherlands pop 2 (n=155)
3154,Netherlands UMCU (n=64)
1712,New Caledonia (n=65)
2160,New Zealand Maori (n=200)
2336,New Zealand Maori pop 2 (n=55)
3340,New Zealand Maori with Admixed History (n=105)
3339,New Zealand Maori with Full Ancestry (n=46)
3338,New Zealand Polynesians with Admixed History (n=27)
3337,New Zealand Polynesians with Full Ancestry (n=21)
3417,Nicaragua Managua (n=339)
3610,Nicaragua Mestizo (G) (n=155)
3112,Nigeria (n=258)
2521,Nigeria Southwest Abanla Yoruba (n=130)
1706,Niue (n=70)
2337,Niue pop 2 (n=38)
2506,Norway (n=181)
3427,Norway  ethnic Norwegians (n=4510)
2750,Norway pop 2 (n=576)
2749,Norway Sami (n=200)
1239,Oman (n=118)
1398,Pakistan Baloch (n=66)
1399,Pakistan Brahui (n=104)
1407,Pakistan Burusho (n=92)
1423,Pakistan Kalash (n=69)
1989,Pakistan Karachi Parsi (n=91)
1424,Pakistan Mixed Pathan (n=100)
1425,Pakistan Mixed Sindhi (n=101)
3726,Panama (n=462)
2790,Papua New Guinea Abam (n=63)
2791,Papua New Guinea Dorogori (n=59)
1715,Papua New Guinea East New Britain Rabaul (n=60)
2115,Papua New Guinea East New Britain Tolai (n=48)
1713,Papua New Guinea Eastern Highlands Goroka Asaro (n=57)
1947,Papua New Guinea Highland (n=94)
2118,Papua New Guinea Highland pop2 (n=28)
2792,Papua New Guinea Iamega (n=79)
2793,Papua New Guinea Kapal (n=65)
1737,Papua New Guinea Karimui Plateau Pawaia (n=80)
2794,Papua New Guinea Kuru (n=46)
1945,Papua New Guinea Lowland (n=47)
1936,Papua New Guinea Lowland Roro (n=26)
1946,Papua New Guinea Lowland Wosera (n=79)
1714,Papua New Guinea Madang (n=65)
2795,Papua New Guinea Podare (n=43)
2796,Papua New Guinea Rual (n=50)
2512,Papua New Guinea South Gidra (n=192)
1937,Papua New Guinea Trobriand Island (n=81)
2797,Papua New Guinea Ume (n=90)
1739,Papua New Guinea Wanigela Keapara (n=66)
1736,Papua New Guinea West Schrader Ranges Haruai (n=55)
2798,Papua New Guinea Wipim (n=55)
2799,Papua New Guinea Woigi (n=26)
2800,Papua New Guinea Wonie (n=51)
1738,Papua New Guinea Wosera Abelam (n=131)
2801,Papua New Guinea Wuroi (n=34)
1786,Paraguay Aché (n=87)
2708,Paraguay Lengua (n=17)
3698,Paraguay/Argentina Ache NA-DHS_24 (G) (n=13)
3694,Paraguay/Argentina Guarani NA-DHS_23 (G) (n=10)
1589,Peru Arequipa Mestizo (n=168)
1986,Peru Lamas City Lama (n=83)
1787,Peru Quechua (n=44)
2634,Peru Titikaka Lake Uro (n=105)
3564,Peru Titikaka Lake Uros (n=105)
1948,Philippines (n=34)
1231,Philippines Ivatan (n=50)
3690,Philippines National Capital Region (n=51)
2413,Poland (n=200)
3670,Poland BMR (n=23595)
2850,Poland DKMS (n=20653)
2495,Poland Lodz (n=103)
1746,Poland Lower Silesia Region (n=123)
1972,Poland North (n=80)
3107,Poland pop 3 (n=2907)
1935,Poland Wielkopolska Region (n=99)
3548,Poland Wroclaw (n=123)
2712,Portugal Aveiro (n=5933)
3335,Portugal Azores Terceira Island (n=130)
2713,Portugal Beja (n=699)
2714,Portugal Braga (n=1971)
2715,Portugal Bragança (n=301)
2716,Portugal Castelo Branco (n=327)
1293,Portugal Center (n=50)
1749,Portugal Center pop 2 (n=562)
2717,Portugal Coimbra (n=5057)
2718,Portugal Evora (n=737)
2719,Portugal Faro (n=1242)
2720,Portugal Guarda (n=797)
2721,Portugal Leiria (n=1847)
2722,Portugal Lisbon (n=17420)
1292,Portugal North (n=46)
3075,Portugal North pop 2 (n=1801)
2723,Portugal Portalegre (n=1254)
2724,Portugal Porto (n=7937)
2725,Portugal Santarem (n=3865)
2726,Portugal Setubal (n=5268)
1294,Portugal South (n=49)
1974,Portugal South pop 2 (n=1021)
2727,Portugal Viana do Castelo (n=706)
2728,Portugal Vila Real (n=1167)
2729,Portugal Viseu (n=2915)
1544,Romania (n=348)
2259,Romania pop 2 (n=6936)
3111,Romania pop 3 (n=1469)
3780,Russia  Belgorod region (n=153)
2642,Russia Arkhangelsk (n=81)
1282,Russia Arkhangelsk Pomor (n=63)
3750,Russia Bashkortostan, Bashkirs (n=120)
3751,Russia Bashkortostan, Tatars (n=192)
3619,Russia Bering  Island Aleuts (n=104)
1601,Russia Chuvash (n=82)
3430,Russia Karelia (n=1075)
2644,Russia Kostroma Region (n=126)
2651,Russia Mari (n=202)
2841,Russia Moscow (n=2650)
3322,Russia Moscow Pop 2 (n=2000)
1283,Russia Murmansk Saomi Mixed (n=70)
1281,Russia Nenet Mixed (n=55)
3744,Russia Nizhny Novgorod, Russians (n=1510)
3436,Russia North Ossetian (n=127)
1335,Russia Northwest (n=1011)
2860,Russia Northwest pop  3 (n=100)
2843,Russia Northwest pop 2 (n=346)
1302,Russia Northwest Slavic (n=200)
2148,Russia Sakhalin Island Nivkhi (n=53)
2667,Russia Samara Region (n=2500)
1761,Russia Siberia Chukchi (n=71)
1769,Russia Siberia Chukotka Peninsula Chukchi (n=59)
1770,Russia Siberia Chukotka Peninsula Eskimo (n=80)
1891,Russia Siberia Dudinka Nganasan (n=24)
1760,Russia Siberia Eskimo (n=70)
1767,Russia Siberia Gvaysugi Udege (n=25)
1898,Russia Siberia Irkutsk Tofalar (n=43)
1903,Russia Siberia Khabarovsk Evenki (n=25)
1900,Russia Siberia Khanty Mansi (n=68)
1899,Russia Siberia Kushun Buryat (n=25)
1892,Russia Siberia Lower Yenisey Ket (n=17)
1902,Russia Siberia Negidal (n=35)
1766,Russia Siberia North East Kamchatka Koryak (n=92)
1768,Russia Siberia NW of Sakhalin Island Nivkh (n=32)
1765,Russia Siberia Polygus Evenk (n=35)
1764,Russia Siberia Sulamai Ket (n=22)
1901,Russia Siberia Ulchi (n=73)
2645,Russia Smolensk (n=156)
2845,Russia South Ural Bashkir (n=146)
2844,Russia South Ural Russian (n=207)
2846,Russia South Ural Tatar (n=135)
3277,Russia Tatars (n=355)
3621,Russia Transbaikal Territory Buryats (n=150)
3692,Russia Tundra Nentsi NA-DHS_1 (G) (n=16)
1602,Russia Tuva (n=190)
1277,Russia Tuva pop 2 (n=169)
1896,Russia Tuva pop3 (n=44)
1897,Russia Tuva Todja (n=22)
2643,Russia Vologda (n=121)
3397,Russia, South Ural, Chelyabinsk region, Nagaybaks (n=112)
2392,Rwanda (n=280)
2059,Rwanda Kigali Hutu and Tutsi (n=281)
1944,Samoa (n=29)
2339,Samoa pop 3 (n=65)
2143,Samoa pop2 (n=50)
2116,Samoa West (n=22)
2760,Sao Tome Island Angolar (n=32)
2759,Sao Tome Island Forro (n=66)
2154,Saudi Arabia (n=18)
2271,Saudi Arabia Guraiat and Hail (n=213)
2431,Saudi Arabia pop 2 (n=383)
2502,Saudi Arabia pop 3 (n=50)
3092,Saudi Arabia pop 4 (n=499)
3094,Saudi Arabia pop 5 (n=158)
3685,Saudi Arabia pop 6 (G) (n=28927)
1212,Scotland Orkney (n=99)
1374,Senegal Dakar (n=112)
1304,Senegal Niokholo Mandenka (n=165)
2274,Serbia (n=386)
2757,Serbia pop 2 (n=102)
3114,Serbia pop 3 (n=1992)
3268,Serbia Vojvodina (n=400)
1240,Singapore Chinese (n=149)
2038,Singapore Chinese Han (n=94)
2041,Singapore Javaneses (n=51)
2042,Singapore Riau Malay (n=132)
3675,Singapore SGVP Chinese CHS (n=96)
3677,Singapore SGVP Malay MAS (n=89)
3676,Singapore SGVP. Indian INS (n=86)
2053,Singapore Thai (n=100)
1258,Slovakia (n=146)
3100,Slovakia pop 2 (n=4234)
1232,Slovenia (n=100)
2501,Slovenia pop 2 (n=140)
3262,Slovenia pop 3 (n=130)
3159,South Africa Caucasians (n=102)
2171,South Africa Limpopo Venda (n=117)
2062,South Africa Natal Tamil (n=51)
1241,South Africa Natal Zulu (n=100)
2108,South Africa Tswana (n=41)
3425,South Africa Worcester (n=159)
3671,South African  Black (n=142)
3394,South African Indian population (n=50)
3395,South African Mixed ancestry (n=50)
1336,South Korea pop 1 (n=324)
3225,South Korea pop 10 (n=4128)
3236,South Korea pop 11 (n=149)
1362,South Korea pop 2 (n=207)
1870,South Korea pop 3 (n=485)
2231,South Korea pop 4 (n=211)
2244,South Korea pop 5 (n=467)
2451,South Korea pop 6 (n=800)
2743,South Korea pop 8 (n=7096)
3669,Spain (Catalunya, Navarra, Extremadura, Aaragón, Cantabria, (n=4335)
2133,Spain Andalusia (n=99)
2132,Spain Andalusia Romani (n=99)
1607,Spain Arratia Valley Basque (n=83)
1242,Spain Barcelona (n=941)
2153,Spain Catalonia Girona (n=88)
2230,Spain Galicia and Murcia (n=473)
2152,Spain Gipuzkoa Basque (n=100)
1560,Spain Granada (n=280)
1317,Spain Ibiza (n=88)
3769,Spain Las Alpujarras (n=85)
2000,Spain Madrid (n=504)
1315,Spain Majorca (n=407)
2174,Spain Majorca and Minorca (n=90)
1318,Spain Majorcans Jews (n=103)
2426,Spain Malaga (n=160)
2425,Spain Malaga Romani (n=80)
1316,Spain Minorca (n=94)
1327,Spain Murcia (n=173)
1401,Spain Navarre Basques (n=116)
2447,Spain North (n=156)
1605,Spain North Cabuerniga (n=95)
1604,Spain North Cantabria (n=83)
2442,Spain Northwest (n=1818)
2203,Spain Northwest Lugo (n=145)
1606,Spain Pas Valley (n=88)
3135,Spain Sevilla (n=278)
3365,Spain Tenerife Island (n=83)
2620,Spain Valencia (n=577)
3605,Spain, Canary Islands, Gran canaria island (n=215)
3741,Spain, Castilla y Leon, Northwest, (n=1743)
3423,Sri Lanka Colombo (n=714)
2320,Sri Lanka Colombo Sinhalese (n=101)
2514,Sudan Central Region (n=97)
2465,Sudan Central Shaigiya Mixed (n=36)
2464,Sudan East Rashaida (n=27)
3765,Sudan Khartoum (n=98)
2161,Sudan Mixed (n=200)
2463,Sudan South Nuba (n=46)
1923,Sweden (n=99)
2675,Sweden Northern Sami (n=154)
2531,Sweden pop 2 (n=200)
2503,Sweden pop 3 (n=175)
3102,Sweden pop 4 (n=966)
3156,Sweden pop 5 (n=1569)
2676,Sweden Southern Sami (n=130)
2262,Sweden Stockholm (n=1347)
1754,Sweden Uppsala (n=300)
3116,Switzerland Aargau-Solothurn (n=1838)
3118,Switzerland Basel (n=1888)
3117,Switzerland Bern (n=3545)
1306,Switzerland Geneva (n=80)
3119,Switzerland Geneva pop 2 (n=1267)
3120,Switzerland Graubunden (n=759)
3122,Switzerland Lausanne (n=993)
3121,Switzerland Lugano (n=1169)
3123,Switzerland Luzern (n=1553)
3125,Switzerland Sion (n=832)
3124,Switzerland St Gallen (n=2113)
3126,Switzerland Zurich (n=4875)
2507,Taiwan (n=65)
1782,Taiwan Aborigine (n=111)
2119,Taiwan Aborigine pop 2 (n=48)
1225,Taiwan Ami (n=98)
2354,Taiwan Ami pop 2 (n=50)
1218,Taiwan Atayal (n=106)
2347,Taiwan Atayal pop 2 (n=50)
1221,Taiwan Bunun (n=101)
2349,Taiwan Bunun pop 2 (n=50)
1780,Taiwan Chinese immigrants from Middle China (n=211)
1781,Taiwan Chinese immigrants from North China (n=152)
1779,Taiwan Chinese immigrants from South China (n=172)
1217,Taiwan Hakka (n=55)
1783,Taiwan Hakka pop 2 (n=714)
2356,Taiwan Han (n=50)
2842,Taiwan Han Chinese (n=504)
2772,Taiwan Minnan and Hakka (n=190)
1216,Taiwan Minnan pop 1 (n=102)
1778,Taiwan Minnan pop 2 (n=7137)
2353,Taiwan Orchid Island Yami (n=50)
1224,Taiwan Paiwan (n=51)
2351,Taiwan Paiwan pop 2 (n=50)
1228,Taiwan Pazeh (n=55)
2624,Taiwan pop 2 (n=364)
2811,Taiwan pop 3 (n=212)
3240,Taiwan pop1 (n=539)
1226,Taiwan Puyuma (n=50)
2355,Taiwan Puyuma pop 2 (n=50)
1223,Taiwan Rukai (n=50)
2352,Taiwan Rukai pop 2 (n=50)
1220,Taiwan Saisiat (n=51)
2348,Taiwan Saisiat pop 2 (n=50)
1229,Taiwan Siraya (n=51)
1227,Taiwan Tao (n=50)
1219,Taiwan Taroko (n=55)
1230,Taiwan Thao (n=30)
1222,Taiwan Tsou (n=51)
2350,Taiwan Tsou pop 2 (n=50)
3557,Taiwan Tzu  Chi Morrow Donor Registry (n=46682)
3558,Taiwan Tzu  Chi Morrow Donor Registry Aborigine (n=233)
2462,Taiwan Tzu Chi Cord Blood Bank (n=710)
2751,Tanzania Dodoma Kongwa (n=212)
3782,Tanzania Maasai (n=336)
1442,Thailand (n=142)
2085,Thailand Bangkok (n=104)
2491,Thailand Bangkok pop 2 (n=50)
2518,Thailand Bangkok pop 3 (n=187)
2089,Thailand East Chanthaburi Khmer (n=83)
2090,Thailand Kamphaeng Phet (n=97)
1911,Thailand North Dai Lue (n=96)
2088,Thailand Northeast (n=66)
2774,Thailand Northeast pop 2 (n=400)
1999,Thailand pop 2 (n=124)
2121,Thailand pop 3 (n=49)
2776,Thailand pop 4 (n=16807)
2144,Tokelau (n=50)
2145,Tonga (n=50)
2338,Tonga pop 2 (n=50)
1623,Trinidad African (n=67)
1561,Trinidad South Asian (n=87)
1644,Tunisia (n=100)
3228,Tunisia Gabes (n=95)
2066,Tunisia Gabes Arab (n=96)
2265,Tunisia Ghannouch (n=82)
2064,Tunisia Jerba Berber (n=55)
2065,Tunisia Matmata Berber (n=81)
2773,Tunisia pop 2 (n=111)
2166,Tunisia pop 3 (n=104)
1819,Turkey Ankara (n=50)
2215,Turkey Istanbul (n=250)
1649,Turkey pop 1 (n=250)
1611,Turkey pop 2 (n=228)
2520,Turkey pop 3 (n=50)
1650,Turkey pop 5 (n=142)
1267,Uganda Baganda (n=47)
1487,Uganda Kampala (n=161)
2621,Uganda Kampala pop 2 (n=175)
2649,Ukraine Khmelnytskyi (n=138)
2650,Ukraine Lvov (n=102)
3600,United Arab Emirates  Abu Dhabi (n=52)
2808,United Arab Emirates pop 2 (n=373)
2511,United Kingdom (n=187)
3273,United Kingdom Central (n=135)
3274,United Kingdom East (n=163)
3275,United Kingdom North (n=330)
3276,United Kingdom Orkney (n=88)
2430,United Kingdom pop 2 (n=101)
2173,United Kingdom pop 3 (n=604)
3230,United Kingdom South West (n=163)
1480,USA African American (n=252)
1620,USA African American Bethesda (n=187)
1689,USA African American pop 2 (n=149)
2223,USA African American pop 3 (n=564)
2419,USA African American pop 4 (n=2411)
2779,USA African American pop 7 (n=193)
2164,USA African American pop 8 (n=605)
1364,USA Alaska Yupik (n=252)
2703,USA Arizona Gila River Amerindian (n=492)
3617,USA Arizona Gila River Pima (n=3000)
2047,USA Arizona Pima (n=100)
2050,USA Arizona Pima pop2 (n=18)
1483,USA Asian (n=358)
2420,USA Asian pop 2 (n=1772)
1358,USA Caucasian (n=61655)
1619,USA Caucasian Bethesda (n=307)
1586,USA Caucasian Houston (n=194)
1588,USA Caucasian Pittsburgh (n=177)
1479,USA Caucasian pop 2 (n=265)
1688,USA Caucasian pop 3 (n=88)
2765,USA Caucasian pop 4 (n=1070)
2780,USA Caucasian pop 5 (n=268)
1511,USA Colorado Univ Cord Blood Bank African American (n=261)
1512,USA Colorado Univ Cord Blood Bank Asian (n=100)
1513,USA Colorado Univ Cord Blood Bank Caucasian (n=3830)
1514,USA Colorado Univ Cord Blood Bank Hispanic (n=1058)
2570,USA Eastern European (n=558)
2163,USA European American pop 2 (n=1245)
1858,USA Hawaii (n=39)
2058,USA Hawaii Okinawa (n=106)
1481,USA Hispanic (n=234)
2421,USA Hispanic pop 2 (n=1999)
3174,USA Italy Ancestry (n=273)
2702,USA Mexican American Mestizo (n=553)
2781,USA Mexican American Mestizo pop 2 (n=113)
2789,USA Mexican American Mestizo pop 3 (n=116)
1864,USA Minnesota Olmsted (n=339)
2036,USA New Mexico Canoncito Navajo (n=42)
2056,USA New Mexico Zuni (n=51)
3202,USA NMDP African (n=28557)
3201,USA NMDP African American pop 2 (n=416581)
3205,USA NMDP Alaska Native or Aleut (n=1376)
3204,USA NMDP American Indian South or Central America (n=5926)
3219,USA NMDP Black South or Central American (n=4889)
3207,USA NMDP Caribean Black (n=33328)
3208,USA NMDP Caribean Hispanic (n=115374)
3209,USA NMDP Caribean Indian (n=14339)
3217,USA NMDP Chinese (n=99672)
3210,USA NMDP European Caucasian (n=1242890)
3211,USA NMDP Filipino (n=50614)
3212,USA NMDP Hawaiian or other Pacific Islander (n=11499)
3218,USA NMDP Hispanic South or Central American (n=146714)
3213,USA NMDP Japanese (n=24582)
3214,USA NMDP Korean (n=77584)
3216,USA NMDP Mexican or Chicano (n=261235)
3215,USA NMDP Middle Eastern or North Coast of Africa (n=70890)
3206,USA NMDP North American Amerindian (n=35791)
3223,USA NMDP South Asian Indian (n=185391)
3222,USA NMDP Southeast Asian (n=27978)
3220,USA NMDP Vietnamese (n=43540)
1482,USA North American Native (n=187)
2387,USA OPTN African American (n=1510)
2386,USA OPTN Asian (n=261)
2389,USA OPTN Caucasian (n=8525)
2388,USA OPTN Hispanic (n=1580)
1895,USA Philadelphia Caucasian (n=141)
2536,USA Philippines (n=105)
1359,USA San Antonio Caucasian (n=222)
3562,USA San Diego (n=496)
3098,USA San Francisco Caucasian (n=220)
2091,USA South Dakota Lakota Sioux (n=302)
2052,USA South Dakota Sioux (n=101)
1360,USA South Texas Hispanic (n=194)
1421,USA Southeast African American (n=112)
1750,USA Southern California Mestizo (n=73)
3173,USA Spain Ancestry (n=279)
2542,Venezuela Aroy Yucpa (n=17)
2540,Venezuela Campo Rosario Bari (n=26)
1491,Venezuela Caracas Mestizo (n=50)
1478,Venezuela Colonia Tovar (n=86)
2543,Venezuela Marewa Yucpa (n=29)
2539,Venezuela Orinoco Delta Warao (n=34)
2544,Venezuela Peraya Yucpa (n=26)
2061,Venezuela Perja Mountain Bari (n=55)
2541,Venezuela Saimadoyi Bari (n=35)
1909,Venezuela Sierra de Perija Yucpa (n=73)
2455,Venezuela Valencia and Maracaibo Caracus Mixed (n=96)
2460,Venezuela Zulia Maracaibo Mixed (n=20)
2461,Venezuela Zulia San Jose de Heras Mixed (n=20)
2686,Vietnam Hanoi (n=50)
1494,Vietnam Hanoi Kinh (n=103)
2412,Vietnam Hanoi Kinh pop 2 (n=170)
1493,Vietnam HoaBinh Muong (n=83)
3681,Vietnam Kinh (n=101)
3773,Vietnam Kinh  DQB1 (n=2076)
1571,Wales (n=1798)
2847,Wales pop 2 (n=39979)
1707,Western Samoa and Tokelau (n=51)
1488,Zambia Lusaka (n=44)
2057,Zimbabwe Harare Shona (n=230)
                        